{"stats":{"minecraft:custom":{"minecraft:time_since_rest":186,"minecraft:damage_absorbed":60,"minecraft:walk_one_cm":8857,"minecraft:sprint_one_cm":14043,"minecraft:damage_taken":3892,"minecraft:mob_kills":2,"minecraft:drop":4,"minecraft:damage_dealt":9998,"minecraft:swim_one_cm":30748,"minecraft:fly_one_cm":127150,"minecraft:crouch_one_cm":99,"minecraft:play_time":34819,"minecraft:deaths":10,"minecraft:sneak_time":144,"minecraft:jump":206,"minecraft:leave_game":11,"minecraft:time_since_death":186,"minecraft:walk_on_water_one_cm":3377,"minecraft:total_world_time":34819,"minecraft:damage_resisted":672,"minecraft:fall_one_cm":7672},"minecraft:used":{"minecraft:water_bucket":1,"minecraft:netherite_sword":72,"minecraft:netherite_chestplate":1,"minecraft:baked_potato":3,"minecraft:ender_pearl":2,"minecraft:totem_of_undying":2,"minecraft:netherite_boots":1,"minecraft:dirt":2,"minecraft:netherite_leggings":1,"minecraft:bucket":1,"minecraft:netherite_helmet":1,"minecraft:splash_potion":1},"minecraft:picked_up":{"minecraft:sculk_catalyst":1,"minecraft:netherite_boots":3,"minecraft:flint":1,"minecraft:netherite_leggings":3,"minecraft:dirt":1728,"minecraft:stone_axe":1,"minecraft:netherite_helmet":3,"minecraft:netherite_sword":2,"minecraft:bucket":1,"minecraft:netherite_chestplate":3,"minecraft:baked_potato":18,"minecraft:ender_pearl":14,"minecraft:diamond_pickaxe":1},"minecraft:killed":{"minecraft:warden":2},"minecraft:dropped":{"minecraft:netherite_chestplate":1,"minecraft:netherite_helmet":1,"minecraft:netherite_boots":1,"minecraft:netherite_leggings":1},"minecraft:killed_by":{"minecraft:warden":2}},"DataVersion":3337}