{"stats":{"minecraft:custom":{"minecraft:time_since_rest":200,"minecraft:damage_absorbed":60,"minecraft:walk_one_cm":9606,"minecraft:sprint_one_cm":14484,"minecraft:damage_taken":3912,"minecraft:mob_kills":2,"minecraft:drop":4,"minecraft:damage_dealt":9998,"minecraft:swim_one_cm":30748,"minecraft:fly_one_cm":146094,"minecraft:crouch_one_cm":136,"minecraft:play_time":43953,"minecraft:deaths":15,"minecraft:sneak_time":164,"minecraft:jump":208,"minecraft:leave_game":17,"minecraft:time_since_death":200,"minecraft:walk_on_water_one_cm":3377,"minecraft:total_world_time":43953,"minecraft:damage_resisted":672,"minecraft:fall_one_cm":8078},"minecraft:used":{"minecraft:water_bucket":1,"minecraft:netherite_sword":72,"minecraft:netherite_chestplate":1,"minecraft:baked_potato":3,"minecraft:ender_pearl":2,"minecraft:totem_of_undying":2,"minecraft:netherite_boots":1,"minecraft:dirt":2,"minecraft:netherite_leggings":1,"minecraft:bucket":1,"minecraft:netherite_helmet":1,"minecraft:splash_potion":1},"minecraft:killed_by":{"minecraft:warden":2},"minecraft:killed":{"minecraft:warden":2},"minecraft:dropped":{"minecraft:netherite_chestplate":1,"minecraft:netherite_helmet":1,"minecraft:netherite_boots":1,"minecraft:netherite_leggings":1},"minecraft:picked_up":{"minecraft:sculk_catalyst":1,"minecraft:netherite_boots":3,"minecraft:flint":1,"minecraft:netherite_leggings":3,"minecraft:dirt":1728,"minecraft:stone_axe":1,"minecraft:netherite_helmet":3,"minecraft:netherite_sword":2,"minecraft:bucket":1,"minecraft:netherite_chestplate":3,"minecraft:baked_potato":18,"minecraft:ender_pearl":14,"minecraft:diamond_pickaxe":1}},"DataVersion":3337}