{"stats":{"minecraft:custom":{"minecraft:jump":69,"minecraft:time_since_rest":201,"minecraft:damage_absorbed":60,"minecraft:damage_taken":1276,"minecraft:damage_dealt":1911,"minecraft:play_time":12340,"minecraft:leave_game":5,"minecraft:sprint_one_cm":5232,"minecraft:walk_one_cm":3087,"minecraft:time_since_death":201,"minecraft:deaths":4,"minecraft:sneak_time":39,"minecraft:total_world_time":12340,"minecraft:damage_resisted":672,"minecraft:swim_one_cm":6870,"minecraft:fall_one_cm":924,"minecraft:fly_one_cm":37877},"minecraft:used":{"minecraft:netherite_sword":21,"minecraft:totem_of_undying":1,"minecraft:splash_potion":1},"minecraft:killed_by":{"minecraft:warden":1}},"DataVersion":3337}